time,station,sensor,value
2022-05-03 07:35:00.220726,53310,precip,0
2022-05-03 07:35:00.220726,53310,stage,2.0
2022-05-03 07:35:00.220726,53313,precip,0.0
2022-05-03 07:35:00.220726,53313,stage,3.0
2022-05-03 07:20:00.221053,53310,precip,0
2022-05-03 07:20:00.221053,53310,stage,2.0
2022-05-03 07:20:00.221053,53313,precip,0.0
2022-05-03 07:20:00.221053,53313,stage,3.0
2022-05-03 07:05:00.221073,53310,precip,0
2022-05-03 07:05:00.221073,53310,stage,2.0
2022-05-03 07:05:00.221073,53313,precip,0.0
2022-05-03 07:05:00.221073,53313,stage,3.0
2022-05-03 06:50:00.221086,53310,precip,0
2022-05-03 06:50:00.221086,53310,stage,2.0
2022-05-03 06:50:00.221086,53313,precip,0.0
2022-05-03 06:50:00.221086,53313,stage,3.0
2022-05-03 06:35:00.221099,53310,precip,0.0
2022-05-03 06:35:00.221099,53310,stage,2.0
2022-05-03 06:35:00.221099,53313,precip,0.0
2022-05-03 06:35:00.221099,53313,stage,3.0
2022-05-03 06:20:00.221119,53310,precip,0.34
2022-05-03 06:20:00.221119,53310,stage,2.34
2022-05-03 06:20:00.221119,53313,precip,0.0
2022-05-03 06:20:00.221119,53313,stage,3.0
2022-05-03 06:05:00.221141,53310,precip,0.67
2022-05-03 06:05:00.221141,53310,stage,2.67
2022-05-03 06:05:00.221141,53313,precip,0.0
2022-05-03 06:05:00.221141,53313,stage,3.0
2022-05-03 05:50:00.221156,53310,precip,0.99
2022-05-03 05:50:00.221156,53310,stage,2.99
2022-05-03 05:50:00.221156,53313,precip,0.0
2022-05-03 05:50:00.221156,53313,stage,3.0
2022-05-03 05:35:00.221171,53310,precip,1.3
2022-05-03 05:35:00.221171,53310,stage,3.3
2022-05-03 05:35:00.221171,53313,precip,0.0
2022-05-03 05:35:00.221171,53313,stage,3.0
2022-05-03 05:20:00.221184,53310,precip,1.6
2022-05-03 05:20:00.221184,53310,stage,3.6
2022-05-03 05:20:00.221184,53313,precip,0.0
2022-05-03 05:20:00.221184,53313,stage,3.0
2022-05-03 05:05:00.221198,53310,precip,1.87
2022-05-03 05:05:00.221198,53310,stage,3.87
2022-05-03 05:05:00.221198,53313,precip,0.0
2022-05-03 05:05:00.221198,53313,stage,3.0
2022-05-03 04:50:00.221212,53310,precip,2.12
2022-05-03 04:50:00.221212,53310,stage,4.12
2022-05-03 04:50:00.221212,53313,precip,0.0
2022-05-03 04:50:00.221212,53313,stage,3.0
2022-05-03 04:35:00.221225,53310,precip,2.34
2022-05-03 04:35:00.221225,53310,stage,4.34
2022-05-03 04:35:00.221225,53313,precip,0.0
2022-05-03 04:35:00.221225,53313,stage,3.0
2022-05-03 04:20:00.221239,53310,precip,2.54
2022-05-03 04:20:00.221239,53310,stage,4.54
2022-05-03 04:20:00.221239,53313,precip,0.0
2022-05-03 04:20:00.221239,53313,stage,3.0
2022-05-03 04:05:00.221253,53310,precip,2.7
2022-05-03 04:05:00.221253,53310,stage,4.7
2022-05-03 04:05:00.221253,53313,precip,0.0
2022-05-03 04:05:00.221253,53313,stage,3.0
2022-05-03 03:50:00.221266,53310,precip,2.83
2022-05-03 03:50:00.221266,53310,stage,4.83
2022-05-03 03:50:00.221266,53313,precip,0.0
2022-05-03 03:50:00.221266,53313,stage,3.0
2022-05-03 03:35:00.221281,53310,precip,2.92
2022-05-03 03:35:00.221281,53310,stage,4.92
2022-05-03 03:35:00.221281,53313,precip,0.0
2022-05-03 03:35:00.221281,53313,stage,3.0
2022-05-03 03:20:00.221294,53310,precip,2.98
2022-05-03 03:20:00.221294,53310,stage,4.98
2022-05-03 03:20:00.221294,53313,precip,0.0
2022-05-03 03:20:00.221294,53313,stage,3.0
2022-05-03 03:05:00.221308,53310,precip,3.0
2022-05-03 03:05:00.221308,53310,stage,5.0
2022-05-03 03:05:00.221308,53313,precip,0.0
2022-05-03 03:05:00.221308,53313,stage,3.0
2022-05-03 02:50:00.221322,53310,precip,2.98
2022-05-03 02:50:00.221322,53310,stage,4.98
2022-05-03 02:50:00.221322,53313,precip,0.0
2022-05-03 02:50:00.221322,53313,stage,3.0
2022-05-03 02:35:00.221336,53310,precip,2.93
2022-05-03 02:35:00.221336,53310,stage,4.93
2022-05-03 02:35:00.221336,53313,precip,0.0
2022-05-03 02:35:00.221336,53313,stage,3.0
2022-05-03 02:20:00.221350,53310,precip,2.83
2022-05-03 02:20:00.221350,53310,stage,4.83
2022-05-03 02:20:00.221350,53313,precip,0.0
2022-05-03 02:20:00.221350,53313,stage,3.0
2022-05-03 02:05:00.221363,53310,precip,2.7
2022-05-03 02:05:00.221363,53310,stage,4.7
2022-05-03 02:05:00.221363,53313,precip,0.0
2022-05-03 02:05:00.221363,53313,stage,3.0
2022-05-03 01:50:00.221377,53310,precip,2.54
2022-05-03 01:50:00.221377,53310,stage,4.54
2022-05-03 01:50:00.221377,53313,precip,0.0
2022-05-03 01:50:00.221377,53313,stage,3.0
2022-05-03 01:35:00.221393,53310,precip,2.35
2022-05-03 01:35:00.221393,53310,stage,4.35
2022-05-03 01:35:00.221393,53313,precip,0.0
2022-05-03 01:35:00.221393,53313,stage,3.0
2022-05-03 01:20:00.221407,53310,precip,2.12
2022-05-03 01:20:00.221407,53310,stage,4.12
2022-05-03 01:20:00.221407,53313,precip,0.0
2022-05-03 01:20:00.221407,53313,stage,3.0
2022-05-03 01:05:00.221421,53310,precip,1.87
2022-05-03 01:05:00.221421,53310,stage,3.87
2022-05-03 01:05:00.221421,53313,precip,0.0
2022-05-03 01:05:00.221421,53313,stage,3.0
2022-05-03 00:50:00.221435,53310,precip,1.6
2022-05-03 00:50:00.221435,53310,stage,3.6
2022-05-03 00:50:00.221435,53313,precip,0.0
2022-05-03 00:50:00.221435,53313,stage,3.0
2022-05-03 00:35:00.221450,53310,precip,1.31
2022-05-03 00:35:00.221450,53310,stage,3.31
2022-05-03 00:35:00.221450,53313,precip,0.0
2022-05-03 00:35:00.221450,53313,stage,3.0
2022-05-03 00:20:00.221463,53310,precip,0.99
2022-05-03 00:20:00.221463,53310,stage,2.99
2022-05-03 00:20:00.221463,53313,precip,0.0
2022-05-03 00:20:00.221463,53313,stage,3.0
2022-05-03 00:05:00.221477,53310,precip,0.67
2022-05-03 00:05:00.221477,53310,stage,2.67
2022-05-03 00:05:00.221477,53313,precip,0.0
2022-05-03 00:05:00.221477,53313,stage,3.0
2022-05-02 23:50:00.221490,53310,precip,0.34
2022-05-02 23:50:00.221490,53310,stage,2.34
2022-05-02 23:50:00.221490,53313,precip,0.0
2022-05-02 23:50:00.221490,53313,stage,3.0
2022-05-02 23:35:00.221505,53310,precip,0
2022-05-02 23:35:00.221505,53310,stage,2.0
2022-05-02 23:35:00.221505,53313,precip,0.0
2022-05-02 23:35:00.221505,53313,stage,3.0
2022-05-02 23:20:00.221518,53310,precip,0
2022-05-02 23:20:00.221518,53310,stage,2.0
2022-05-02 23:20:00.221518,53313,precip,0.0
2022-05-02 23:20:00.221518,53313,stage,3.0
2022-05-02 23:05:00.221531,53310,precip,0
2022-05-02 23:05:00.221531,53310,stage,2.0
2022-05-02 23:05:00.221531,53313,precip,0.0
2022-05-02 23:05:00.221531,53313,stage,3.0
2022-05-02 22:50:00.221546,53310,precip,0
2022-05-02 22:50:00.221546,53310,stage,2.0
2022-05-02 22:50:00.221546,53313,precip,0.0
2022-05-02 22:50:00.221546,53313,stage,3.0
2022-05-02 22:35:00.221558,53310,precip,0
2022-05-02 22:35:00.221558,53310,stage,2.0
2022-05-02 22:35:00.221558,53313,precip,0.0
2022-05-02 22:35:00.221558,53313,stage,3.0
2022-05-02 22:20:00.221571,53310,precip,0
2022-05-02 22:20:00.221571,53310,stage,2.0
2022-05-02 22:20:00.221571,53313,precip,0.0
2022-05-02 22:20:00.221571,53313,stage,3.0
2022-05-02 22:05:00.221583,53310,precip,0
2022-05-02 22:05:00.221583,53310,stage,2.0
2022-05-02 22:05:00.221583,53313,precip,0.0
2022-05-02 22:05:00.221583,53313,stage,3.0
2022-05-02 21:50:00.221595,53310,precip,0
2022-05-02 21:50:00.221595,53310,stage,2.0
2022-05-02 21:50:00.221595,53313,precip,0.0
2022-05-02 21:50:00.221595,53313,stage,3.0
2022-05-02 21:35:00.221608,53310,precip,0
2022-05-02 21:35:00.221608,53310,stage,2.0
2022-05-02 21:35:00.221608,53313,precip,0.0
2022-05-02 21:35:00.221608,53313,stage,3.0
2022-05-02 21:20:00.221620,53310,precip,0
2022-05-02 21:20:00.221620,53310,stage,2.0
2022-05-02 21:20:00.221620,53313,precip,0.0
2022-05-02 21:20:00.221620,53313,stage,3.0
2022-05-02 21:05:00.221632,53310,precip,0
2022-05-02 21:05:00.221632,53310,stage,2.0
2022-05-02 21:05:00.221632,53313,precip,0.0
2022-05-02 21:05:00.221632,53313,stage,3.0
2022-05-02 20:50:00.221645,53310,precip,0
2022-05-02 20:50:00.221645,53310,stage,2.0
2022-05-02 20:50:00.221645,53313,precip,0.0
2022-05-02 20:50:00.221645,53313,stage,3.0
2022-05-02 20:35:00.221657,53310,precip,0
2022-05-02 20:35:00.221657,53310,stage,2.0
2022-05-02 20:35:00.221657,53313,precip,0.0
2022-05-02 20:35:00.221657,53313,stage,3.0
2022-05-02 20:20:00.221672,53310,precip,0
2022-05-02 20:20:00.221672,53310,stage,2.0
2022-05-02 20:20:00.221672,53313,precip,0.0
2022-05-02 20:20:00.221672,53313,stage,3.0
2022-05-02 20:05:00.221758,53310,precip,0
2022-05-02 20:05:00.221758,53310,stage,2.0
2022-05-02 20:05:00.221758,53313,precip,0.0
2022-05-02 20:05:00.221758,53313,stage,3.0
2022-05-02 19:50:00.221785,53310,precip,0
2022-05-02 19:50:00.221785,53310,stage,2.0
2022-05-02 19:50:00.221785,53313,precip,0.0
2022-05-02 19:50:00.221785,53313,stage,3.0
2022-05-02 19:35:00.221805,53310,precip,0
2022-05-02 19:35:00.221805,53310,stage,2.0
2022-05-02 19:35:00.221805,53313,precip,0.0
2022-05-02 19:35:00.221805,53313,stage,3.0
2022-05-02 19:20:00.221828,53310,precip,0
2022-05-02 19:20:00.221828,53310,stage,2.0
2022-05-02 19:20:00.221828,53313,precip,0.0
2022-05-02 19:20:00.221828,53313,stage,3.0
2022-05-02 19:05:00.221850,53310,precip,0
2022-05-02 19:05:00.221850,53310,stage,2.0
2022-05-02 19:05:00.221850,53313,precip,0.0
2022-05-02 19:05:00.221850,53313,stage,3.0
2022-05-02 18:50:00.221864,53310,precip,0
2022-05-02 18:50:00.221864,53310,stage,2.0
2022-05-02 18:50:00.221864,53313,precip,0.0
2022-05-02 18:50:00.221864,53313,stage,3.0
2022-05-02 18:35:00.221877,53310,precip,0
2022-05-02 18:35:00.221877,53310,stage,2.0
2022-05-02 18:35:00.221877,53313,precip,0.0
2022-05-02 18:35:00.221877,53313,stage,3.0
2022-05-02 18:20:00.221891,53310,precip,0
2022-05-02 18:20:00.221891,53310,stage,2.0
2022-05-02 18:20:00.221891,53313,precip,0.0
2022-05-02 18:20:00.221891,53313,stage,3.0
2022-05-02 18:05:00.221904,53310,precip,0
2022-05-02 18:05:00.221904,53310,stage,2.0
2022-05-02 18:05:00.221904,53313,precip,0.0
2022-05-02 18:05:00.221904,53313,stage,3.0
2022-05-02 17:50:00.221917,53310,precip,0
2022-05-02 17:50:00.221917,53310,stage,2.0
2022-05-02 17:50:00.221917,53313,precip,0.0
2022-05-02 17:50:00.221917,53313,stage,3.0
2022-05-02 17:35:00.221931,53310,precip,0
2022-05-02 17:35:00.221931,53310,stage,2.0
2022-05-02 17:35:00.221931,53313,precip,0.0
2022-05-02 17:35:00.221931,53313,stage,3.0
2022-05-02 17:20:00.221945,53310,precip,0
2022-05-02 17:20:00.221945,53310,stage,2.0
2022-05-02 17:20:00.221945,53313,precip,0.0
2022-05-02 17:20:00.221945,53313,stage,3.0
2022-05-02 17:05:00.221958,53310,precip,0
2022-05-02 17:05:00.221958,53310,stage,2.0
2022-05-02 17:05:00.221958,53313,precip,0.0
2022-05-02 17:05:00.221958,53313,stage,3.0
2022-05-02 16:50:00.221971,53310,precip,0
2022-05-02 16:50:00.221971,53310,stage,2.0
2022-05-02 16:50:00.221971,53313,precip,0.0
2022-05-02 16:50:00.221971,53313,stage,3.0
2022-05-02 16:35:00.221985,53310,precip,0
2022-05-02 16:35:00.221985,53310,stage,2.0
2022-05-02 16:35:00.221985,53313,precip,0.0
2022-05-02 16:35:00.221985,53313,stage,3.0
2022-05-02 16:20:00.221998,53310,precip,0
2022-05-02 16:20:00.221998,53310,stage,2.0
2022-05-02 16:20:00.221998,53313,precip,0.0
2022-05-02 16:20:00.221998,53313,stage,3.0
2022-05-02 16:05:00.222012,53310,precip,0
2022-05-02 16:05:00.222012,53310,stage,2.0
2022-05-02 16:05:00.222012,53313,precip,0.0
2022-05-02 16:05:00.222012,53313,stage,3.0
2022-05-02 15:50:00.222026,53310,precip,0
2022-05-02 15:50:00.222026,53310,stage,2.0
2022-05-02 15:50:00.222026,53313,precip,0.0
2022-05-02 15:50:00.222026,53313,stage,3.0
2022-05-02 15:35:00.222040,53310,precip,0
2022-05-02 15:35:00.222040,53310,stage,2.0
2022-05-02 15:35:00.222040,53313,precip,0.0
2022-05-02 15:35:00.222040,53313,stage,3.0
2022-05-02 15:20:00.222053,53310,precip,0
2022-05-02 15:20:00.222053,53310,stage,2.0
2022-05-02 15:20:00.222053,53313,precip,0.0
2022-05-02 15:20:00.222053,53313,stage,3.0
2022-05-02 15:05:00.222068,53310,precip,0
2022-05-02 15:05:00.222068,53310,stage,2.0
2022-05-02 15:05:00.222068,53313,precip,0.0
2022-05-02 15:05:00.222068,53313,stage,3.0
2022-05-02 14:50:00.222081,53310,precip,0
2022-05-02 14:50:00.222081,53310,stage,2.0
2022-05-02 14:50:00.222081,53313,precip,0.0
2022-05-02 14:50:00.222081,53313,stage,3.0
2022-05-02 14:35:00.222095,53310,precip,0
2022-05-02 14:35:00.222095,53310,stage,2.0
2022-05-02 14:35:00.222095,53313,precip,0.0
2022-05-02 14:35:00.222095,53313,stage,3.0
2022-05-02 14:20:00.222108,53310,precip,0
2022-05-02 14:20:00.222108,53310,stage,2.0
2022-05-02 14:20:00.222108,53313,precip,0.0
2022-05-02 14:20:00.222108,53313,stage,3.0
2022-05-02 14:05:00.222122,53310,precip,0
2022-05-02 14:05:00.222122,53310,stage,2.0
2022-05-02 14:05:00.222122,53313,precip,0.0
2022-05-02 14:05:00.222122,53313,stage,3.0
2022-05-02 13:50:00.222136,53310,precip,0
2022-05-02 13:50:00.222136,53310,stage,2.0
2022-05-02 13:50:00.222136,53313,precip,0.0
2022-05-02 13:50:00.222136,53313,stage,3.0
2022-05-02 13:35:00.222149,53310,precip,0
2022-05-02 13:35:00.222149,53310,stage,2.0
2022-05-02 13:35:00.222149,53313,precip,0.0
2022-05-02 13:35:00.222149,53313,stage,3.0
2022-05-02 13:20:00.222163,53310,precip,0
2022-05-02 13:20:00.222163,53310,stage,2.0
2022-05-02 13:20:00.222163,53313,precip,0.0
2022-05-02 13:20:00.222163,53313,stage,3.0
2022-05-02 13:05:00.222177,53310,precip,0
2022-05-02 13:05:00.222177,53310,stage,2.0
2022-05-02 13:05:00.222177,53313,precip,0.0
2022-05-02 13:05:00.222177,53313,stage,3.0
2022-05-02 12:50:00.222191,53310,precip,0
2022-05-02 12:50:00.222191,53310,stage,2.0
2022-05-02 12:50:00.222191,53313,precip,0.0
2022-05-02 12:50:00.222191,53313,stage,3.0
2022-05-02 12:35:00.222205,53310,precip,0
2022-05-02 12:35:00.222205,53310,stage,2.0
2022-05-02 12:35:00.222205,53313,precip,0.0
2022-05-02 12:35:00.222205,53313,stage,3.0
2022-05-02 12:20:00.222218,53310,precip,0
2022-05-02 12:20:00.222218,53310,stage,2.0
2022-05-02 12:20:00.222218,53313,precip,0.0
2022-05-02 12:20:00.222218,53313,stage,3.0
2022-05-02 12:05:00.222231,53310,precip,0
2022-05-02 12:05:00.222231,53310,stage,2.0
2022-05-02 12:05:00.222231,53313,precip,0.0
2022-05-02 12:05:00.222231,53313,stage,3.0
2022-05-02 11:50:00.222246,53310,precip,0
2022-05-02 11:50:00.222246,53310,stage,2.0
2022-05-02 11:50:00.222246,53313,precip,0.0
2022-05-02 11:50:00.222246,53313,stage,3.0
2022-05-02 11:35:00.222260,53310,precip,0
2022-05-02 11:35:00.222260,53310,stage,2.0
2022-05-02 11:35:00.222260,53313,precip,0.0
2022-05-02 11:35:00.222260,53313,stage,3.0
2022-05-02 11:20:00.222274,53310,precip,0
2022-05-02 11:20:00.222274,53310,stage,2.0
2022-05-02 11:20:00.222274,53313,precip,0.0
2022-05-02 11:20:00.222274,53313,stage,3.0
2022-05-02 11:05:00.222287,53310,precip,0
2022-05-02 11:05:00.222287,53310,stage,2.0
2022-05-02 11:05:00.222287,53313,precip,0.0
2022-05-02 11:05:00.222287,53313,stage,3.0
2022-05-02 10:50:00.222300,53310,precip,0
2022-05-02 10:50:00.222300,53310,stage,2.0
2022-05-02 10:50:00.222300,53313,precip,0.0
2022-05-02 10:50:00.222300,53313,stage,3.0
2022-05-02 10:35:00.222314,53310,precip,0
2022-05-02 10:35:00.222314,53310,stage,2.0
2022-05-02 10:35:00.222314,53313,precip,0.0
2022-05-02 10:35:00.222314,53313,stage,3.0
2022-05-02 10:20:00.222328,53310,precip,0
2022-05-02 10:20:00.222328,53310,stage,2.0
2022-05-02 10:20:00.222328,53313,precip,0.0
2022-05-02 10:20:00.222328,53313,stage,3.0
2022-05-02 10:05:00.222341,53310,precip,0
2022-05-02 10:05:00.222341,53310,stage,2.0
2022-05-02 10:05:00.222341,53313,precip,0.0
2022-05-02 10:05:00.222341,53313,stage,3.0
2022-05-02 09:50:00.222355,53310,precip,0
2022-05-02 09:50:00.222355,53310,stage,2.0
2022-05-02 09:50:00.222355,53313,precip,0.0
2022-05-02 09:50:00.222355,53313,stage,3.0
2022-05-02 09:35:00.222368,53310,precip,0
2022-05-02 09:35:00.222368,53310,stage,2.0
2022-05-02 09:35:00.222368,53313,precip,0.0
2022-05-02 09:35:00.222368,53313,stage,3.0
2022-05-02 09:20:00.222381,53310,precip,0
2022-05-02 09:20:00.222381,53310,stage,2.0
2022-05-02 09:20:00.222381,53313,precip,0.0
2022-05-02 09:20:00.222381,53313,stage,3.0
2022-05-02 09:05:00.222395,53310,precip,0
2022-05-02 09:05:00.222395,53310,stage,2.0
2022-05-02 09:05:00.222395,53313,precip,0.0
2022-05-02 09:05:00.222395,53313,stage,3.0
2022-05-02 08:50:00.222409,53310,precip,0
2022-05-02 08:50:00.222409,53310,stage,2.0
2022-05-02 08:50:00.222409,53313,precip,0.0
2022-05-02 08:50:00.222409,53313,stage,3.0
2022-05-02 08:35:00.222422,53310,precip,0
2022-05-02 08:35:00.222422,53310,stage,2.0
2022-05-02 08:35:00.222422,53313,precip,0.0
2022-05-02 08:35:00.222422,53313,stage,3.0
2022-05-02 08:20:00.222465,53310,precip,0
2022-05-02 08:20:00.222465,53310,stage,2.0
2022-05-02 08:20:00.222465,53313,precip,0.0
2022-05-02 08:20:00.222465,53313,stage,3.0
2022-05-02 08:05:00.222480,53310,precip,0
2022-05-02 08:05:00.222480,53310,stage,2.0
2022-05-02 08:05:00.222480,53313,precip,0.0
2022-05-02 08:05:00.222480,53313,stage,3.0
2022-05-02 07:50:00.222494,53310,precip,0
2022-05-02 07:50:00.222494,53310,stage,2.0
2022-05-02 07:50:00.222494,53313,precip,0.0
2022-05-02 07:50:00.222494,53313,stage,3.0
2022-05-02 07:35:00.222507,53310,precip,0
2022-05-02 07:35:00.222507,53310,stage,2.0
2022-05-02 07:35:00.222507,53313,precip,0.0
2022-05-02 07:35:00.222507,53313,stage,3.0
2022-05-02 07:20:00.222521,53310,precip,0
2022-05-02 07:20:00.222521,53310,stage,2.0
2022-05-02 07:20:00.222521,53313,precip,0.0
2022-05-02 07:20:00.222521,53313,stage,3.0
2022-05-02 07:05:00.222534,53310,precip,0
2022-05-02 07:05:00.222534,53310,stage,2.0
2022-05-02 07:05:00.222534,53313,precip,0.0
2022-05-02 07:05:00.222534,53313,stage,3.0
2022-05-02 06:50:00.222548,53310,precip,0
2022-05-02 06:50:00.222548,53310,stage,2.0
2022-05-02 06:50:00.222548,53313,precip,0.0
2022-05-02 06:50:00.222548,53313,stage,3.0
2022-05-02 06:35:00.222562,53310,precip,0
2022-05-02 06:35:00.222562,53310,stage,2.0
2022-05-02 06:35:00.222562,53313,precip,0.0
2022-05-02 06:35:00.222562,53313,stage,3.0
2022-05-02 06:20:00.222575,53310,precip,0
2022-05-02 06:20:00.222575,53310,stage,2.0
2022-05-02 06:20:00.222575,53313,precip,0.0
2022-05-02 06:20:00.222575,53313,stage,3.0
2022-05-02 06:05:00.222588,53310,precip,0
2022-05-02 06:05:00.222588,53310,stage,2.0
2022-05-02 06:05:00.222588,53313,precip,0.0
2022-05-02 06:05:00.222588,53313,stage,3.0
2022-05-02 05:50:00.222602,53310,precip,0
2022-05-02 05:50:00.222602,53310,stage,2.0
2022-05-02 05:50:00.222602,53313,precip,0.0
2022-05-02 05:50:00.222602,53313,stage,3.0
2022-05-02 05:35:00.222615,53310,precip,0
2022-05-02 05:35:00.222615,53310,stage,2.0
2022-05-02 05:35:00.222615,53313,precip,0.0
2022-05-02 05:35:00.222615,53313,stage,3.0
2022-05-02 05:20:00.222629,53310,precip,0
2022-05-02 05:20:00.222629,53310,stage,2.0
2022-05-02 05:20:00.222629,53313,precip,0.0
2022-05-02 05:20:00.222629,53313,stage,3.0
2022-05-02 05:05:00.222642,53310,precip,0
2022-05-02 05:05:00.222642,53310,stage,2.0
2022-05-02 05:05:00.222642,53313,precip,0.0
2022-05-02 05:05:00.222642,53313,stage,3.0
2022-05-02 04:50:00.222656,53310,precip,0
2022-05-02 04:50:00.222656,53310,stage,2.0
2022-05-02 04:50:00.222656,53313,precip,0.0
2022-05-02 04:50:00.222656,53313,stage,3.0
2022-05-02 04:35:00.222669,53310,precip,0
2022-05-02 04:35:00.222669,53310,stage,2.0
2022-05-02 04:35:00.222669,53313,precip,0.0
2022-05-02 04:35:00.222669,53313,stage,3.0
2022-05-02 04:20:00.222683,53310,precip,0
2022-05-02 04:20:00.222683,53310,stage,2.0
2022-05-02 04:20:00.222683,53313,precip,0.0
2022-05-02 04:20:00.222683,53313,stage,3.0
2022-05-02 04:05:00.222696,53310,precip,0
2022-05-02 04:05:00.222696,53310,stage,2.0
2022-05-02 04:05:00.222696,53313,precip,0.0
2022-05-02 04:05:00.222696,53313,stage,3.0
2022-05-02 03:50:00.222710,53310,precip,0
2022-05-02 03:50:00.222710,53310,stage,2.0
2022-05-02 03:50:00.222710,53313,precip,0.0
2022-05-02 03:50:00.222710,53313,stage,3.0
2022-05-02 03:35:00.222724,53310,precip,0
2022-05-02 03:35:00.222724,53310,stage,2.0
2022-05-02 03:35:00.222724,53313,precip,0.0
2022-05-02 03:35:00.222724,53313,stage,3.0
2022-05-02 03:20:00.222738,53310,precip,0
2022-05-02 03:20:00.222738,53310,stage,2.0
2022-05-02 03:20:00.222738,53313,precip,0.0
2022-05-02 03:20:00.222738,53313,stage,3.0
2022-05-02 03:05:00.222751,53310,precip,0
2022-05-02 03:05:00.222751,53310,stage,2.0
2022-05-02 03:05:00.222751,53313,precip,0.0
2022-05-02 03:05:00.222751,53313,stage,3.0
2022-05-02 02:50:00.222764,53310,precip,0
2022-05-02 02:50:00.222764,53310,stage,2.0
2022-05-02 02:50:00.222764,53313,precip,0.0
2022-05-02 02:50:00.222764,53313,stage,3.0
2022-05-02 02:35:00.222778,53310,precip,0
2022-05-02 02:35:00.222778,53310,stage,2.0
2022-05-02 02:35:00.222778,53313,precip,0.0
2022-05-02 02:35:00.222778,53313,stage,3.0
2022-05-02 02:20:00.222792,53310,precip,0
2022-05-02 02:20:00.222792,53310,stage,2.0
2022-05-02 02:20:00.222792,53313,precip,0.0
2022-05-02 02:20:00.222792,53313,stage,3.0
2022-05-02 02:05:00.222805,53310,precip,0
2022-05-02 02:05:00.222805,53310,stage,2.0
2022-05-02 02:05:00.222805,53313,precip,0.0
2022-05-02 02:05:00.222805,53313,stage,3.0
2022-05-02 01:50:00.222819,53310,precip,0
2022-05-02 01:50:00.222819,53310,stage,2.0
2022-05-02 01:50:00.222819,53313,precip,0.0
2022-05-02 01:50:00.222819,53313,stage,3.0
2022-05-02 01:35:00.222833,53310,precip,0
2022-05-02 01:35:00.222833,53310,stage,2.0
2022-05-02 01:35:00.222833,53313,precip,0.0
2022-05-02 01:35:00.222833,53313,stage,3.0
2022-05-02 01:20:00.222847,53310,precip,0
2022-05-02 01:20:00.222847,53310,stage,2.0
2022-05-02 01:20:00.222847,53313,precip,0.0
2022-05-02 01:20:00.222847,53313,stage,3.0
2022-05-02 01:05:00.222860,53310,precip,0
2022-05-02 01:05:00.222860,53310,stage,2.0
2022-05-02 01:05:00.222860,53313,precip,0.0
2022-05-02 01:05:00.222860,53313,stage,3.0
2022-05-02 00:50:00.222882,53310,precip,0
2022-05-02 00:50:00.222882,53310,stage,2.0
2022-05-02 00:50:00.222882,53313,precip,0.0
2022-05-02 00:50:00.222882,53313,stage,3.0
2022-05-02 00:35:00.222895,53310,precip,0
2022-05-02 00:35:00.222895,53310,stage,2.0
2022-05-02 00:35:00.222895,53313,precip,0.0
2022-05-02 00:35:00.222895,53313,stage,3.0
2022-05-02 00:20:00.222907,53310,precip,0
2022-05-02 00:20:00.222907,53310,stage,2.0
2022-05-02 00:20:00.222907,53313,precip,0.0
2022-05-02 00:20:00.222907,53313,stage,3.0
2022-05-02 00:05:00.222931,53310,precip,0
2022-05-02 00:05:00.222931,53310,stage,2.0
2022-05-02 00:05:00.222931,53313,precip,0.0
2022-05-02 00:05:00.222931,53313,stage,3.0
2022-05-01 23:50:00.222954,53310,precip,0
2022-05-01 23:50:00.222954,53310,stage,2.0
2022-05-01 23:50:00.222954,53313,precip,0.0
2022-05-01 23:50:00.222954,53313,stage,3.0
2022-05-01 23:35:00.222978,53310,precip,0
2022-05-01 23:35:00.222978,53310,stage,2.0
2022-05-01 23:35:00.222978,53313,precip,0.0
2022-05-01 23:35:00.222978,53313,stage,3.0
2022-05-01 23:20:00.222991,53310,precip,0
2022-05-01 23:20:00.222991,53310,stage,2.0
2022-05-01 23:20:00.222991,53313,precip,0.0
2022-05-01 23:20:00.222991,53313,stage,3.0
2022-05-01 23:05:00.223014,53310,precip,0
2022-05-01 23:05:00.223014,53310,stage,2.0
2022-05-01 23:05:00.223014,53313,precip,0.0
2022-05-01 23:05:00.223014,53313,stage,3.0
2022-05-01 22:50:00.223027,53310,precip,0
2022-05-01 22:50:00.223027,53310,stage,2.0
2022-05-01 22:50:00.223027,53313,precip,0.0
2022-05-01 22:50:00.223027,53313,stage,3.0
2022-05-01 22:35:00.223039,53310,precip,0
2022-05-01 22:35:00.223039,53310,stage,2.0
2022-05-01 22:35:00.223039,53313,precip,0.0
2022-05-01 22:35:00.223039,53313,stage,3.0
2022-05-01 22:20:00.223051,53310,precip,0
2022-05-01 22:20:00.223051,53310,stage,2.0
2022-05-01 22:20:00.223051,53313,precip,0.0
2022-05-01 22:20:00.223051,53313,stage,3.0
2022-05-01 22:05:00.223063,53310,precip,0
2022-05-01 22:05:00.223063,53310,stage,2.0
2022-05-01 22:05:00.223063,53313,precip,0.0
2022-05-01 22:05:00.223063,53313,stage,3.0
2022-05-01 21:50:00.223076,53310,precip,0
2022-05-01 21:50:00.223076,53310,stage,2.0
2022-05-01 21:50:00.223076,53313,precip,0.0
2022-05-01 21:50:00.223076,53313,stage,3.0
2022-05-01 21:35:00.223088,53310,precip,0
2022-05-01 21:35:00.223088,53310,stage,2.0
2022-05-01 21:35:00.223088,53313,precip,0.0
2022-05-01 21:35:00.223088,53313,stage,3.0
2022-05-01 21:20:00.223101,53310,precip,0
2022-05-01 21:20:00.223101,53310,stage,2.0
2022-05-01 21:20:00.223101,53313,precip,0.0
2022-05-01 21:20:00.223101,53313,stage,3.0
2022-05-01 21:05:00.223113,53310,precip,0
2022-05-01 21:05:00.223113,53310,stage,2.0
2022-05-01 21:05:00.223113,53313,precip,0.0
2022-05-01 21:05:00.223113,53313,stage,3.0
2022-05-01 20:50:00.223125,53310,precip,0
2022-05-01 20:50:00.223125,53310,stage,2.0
2022-05-01 20:50:00.223125,53313,precip,0.0
2022-05-01 20:50:00.223125,53313,stage,3.0
2022-05-01 20:35:00.223159,53310,precip,0
2022-05-01 20:35:00.223159,53310,stage,2.0
2022-05-01 20:35:00.223159,53313,precip,0.0
2022-05-01 20:35:00.223159,53313,stage,3.0
2022-05-01 20:20:00.223173,53310,precip,0
2022-05-01 20:20:00.223173,53310,stage,2.0
2022-05-01 20:20:00.223173,53313,precip,0.0
2022-05-01 20:20:00.223173,53313,stage,3.0
2022-05-01 20:05:00.223186,53310,precip,0
2022-05-01 20:05:00.223186,53310,stage,2.0
2022-05-01 20:05:00.223186,53313,precip,0.0
2022-05-01 20:05:00.223186,53313,stage,3.0
2022-05-01 19:50:00.223198,53310,precip,0
2022-05-01 19:50:00.223198,53310,stage,2.0
2022-05-01 19:50:00.223198,53313,precip,0.0
2022-05-01 19:50:00.223198,53313,stage,3.0
2022-05-01 19:35:00.223210,53310,precip,0
2022-05-01 19:35:00.223210,53310,stage,2.0
2022-05-01 19:35:00.223210,53313,precip,0.0
2022-05-01 19:35:00.223210,53313,stage,3.0
2022-05-01 19:20:00.223223,53310,precip,0
2022-05-01 19:20:00.223223,53310,stage,2.0
2022-05-01 19:20:00.223223,53313,precip,0.0
2022-05-01 19:20:00.223223,53313,stage,3.0
2022-05-01 19:05:00.223235,53310,precip,0
2022-05-01 19:05:00.223235,53310,stage,2.0
2022-05-01 19:05:00.223235,53313,precip,0.0
2022-05-01 19:05:00.223235,53313,stage,3.0
2022-05-01 18:50:00.223247,53310,precip,0
2022-05-01 18:50:00.223247,53310,stage,2.0
2022-05-01 18:50:00.223247,53313,precip,0.0
2022-05-01 18:50:00.223247,53313,stage,3.0
2022-05-01 18:35:00.223259,53310,precip,0
2022-05-01 18:35:00.223259,53310,stage,2.0
2022-05-01 18:35:00.223259,53313,precip,0.0
2022-05-01 18:35:00.223259,53313,stage,3.0
2022-05-01 18:20:00.223272,53310,precip,0
2022-05-01 18:20:00.223272,53310,stage,2.0
2022-05-01 18:20:00.223272,53313,precip,0.0
2022-05-01 18:20:00.223272,53313,stage,3.0
2022-05-01 18:05:00.223284,53310,precip,0
2022-05-01 18:05:00.223284,53310,stage,2.0
2022-05-01 18:05:00.223284,53313,precip,0.0
2022-05-01 18:05:00.223284,53313,stage,3.0
2022-05-01 17:50:00.223296,53310,precip,0
2022-05-01 17:50:00.223296,53310,stage,2.0
2022-05-01 17:50:00.223296,53313,precip,0.0
2022-05-01 17:50:00.223296,53313,stage,3.0
2022-05-01 17:35:00.223308,53310,precip,0
2022-05-01 17:35:00.223308,53310,stage,2.0
2022-05-01 17:35:00.223308,53313,precip,0.0
2022-05-01 17:35:00.223308,53313,stage,3.0
2022-05-01 17:20:00.223320,53310,precip,0
2022-05-01 17:20:00.223320,53310,stage,2.0
2022-05-01 17:20:00.223320,53313,precip,0.0
2022-05-01 17:20:00.223320,53313,stage,3.0
2022-05-01 17:05:00.223333,53310,precip,0
2022-05-01 17:05:00.223333,53310,stage,2.0
2022-05-01 17:05:00.223333,53313,precip,0.0
2022-05-01 17:05:00.223333,53313,stage,3.0
2022-05-01 16:50:00.223345,53310,precip,0
2022-05-01 16:50:00.223345,53310,stage,2.0
2022-05-01 16:50:00.223345,53313,precip,0.0
2022-05-01 16:50:00.223345,53313,stage,3.0
2022-05-01 16:35:00.223357,53310,precip,0
2022-05-01 16:35:00.223357,53310,stage,2.0
2022-05-01 16:35:00.223357,53313,precip,0.0
2022-05-01 16:35:00.223357,53313,stage,3.0
2022-05-01 16:20:00.223370,53310,precip,0
2022-05-01 16:20:00.223370,53310,stage,2.0
2022-05-01 16:20:00.223370,53313,precip,0.0
2022-05-01 16:20:00.223370,53313,stage,3.0
2022-05-01 16:05:00.223382,53310,precip,0
2022-05-01 16:05:00.223382,53310,stage,2.0
2022-05-01 16:05:00.223382,53313,precip,0.0
2022-05-01 16:05:00.223382,53313,stage,3.0
2022-05-01 15:50:00.223395,53310,precip,0
2022-05-01 15:50:00.223395,53310,stage,2.0
2022-05-01 15:50:00.223395,53313,precip,0.0
2022-05-01 15:50:00.223395,53313,stage,3.0
2022-05-01 15:35:00.223407,53310,precip,0
2022-05-01 15:35:00.223407,53310,stage,2.0
2022-05-01 15:35:00.223407,53313,precip,0.0
2022-05-01 15:35:00.223407,53313,stage,3.0
2022-05-01 15:20:00.223420,53310,precip,0
2022-05-01 15:20:00.223420,53310,stage,2.0
2022-05-01 15:20:00.223420,53313,precip,0.0
2022-05-01 15:20:00.223420,53313,stage,3.0
2022-05-01 15:05:00.223432,53310,precip,0
2022-05-01 15:05:00.223432,53310,stage,2.0
2022-05-01 15:05:00.223432,53313,precip,0.0
2022-05-01 15:05:00.223432,53313,stage,3.0
2022-05-01 14:50:00.223444,53310,precip,0
2022-05-01 14:50:00.223444,53310,stage,2.0
2022-05-01 14:50:00.223444,53313,precip,0.0
2022-05-01 14:50:00.223444,53313,stage,3.0
2022-05-01 14:35:00.223457,53310,precip,0
2022-05-01 14:35:00.223457,53310,stage,2.0
2022-05-01 14:35:00.223457,53313,precip,0.0
2022-05-01 14:35:00.223457,53313,stage,3.0
2022-05-01 14:20:00.223469,53310,precip,0
2022-05-01 14:20:00.223469,53310,stage,2.0
2022-05-01 14:20:00.223469,53313,precip,0.0
2022-05-01 14:20:00.223469,53313,stage,3.0
2022-05-01 14:05:00.223481,53310,precip,0
2022-05-01 14:05:00.223481,53310,stage,2.0
2022-05-01 14:05:00.223481,53313,precip,0.0
2022-05-01 14:05:00.223481,53313,stage,3.0
2022-05-01 13:50:00.223494,53310,precip,0
2022-05-01 13:50:00.223494,53310,stage,2.0
2022-05-01 13:50:00.223494,53313,precip,0.0
2022-05-01 13:50:00.223494,53313,stage,3.0
2022-05-01 13:35:00.223507,53310,precip,0
2022-05-01 13:35:00.223507,53310,stage,2.0
2022-05-01 13:35:00.223507,53313,precip,0.0
2022-05-01 13:35:00.223507,53313,stage,3.0
2022-05-01 13:20:00.223519,53310,precip,0
2022-05-01 13:20:00.223519,53310,stage,2.0
2022-05-01 13:20:00.223519,53313,precip,0.0
2022-05-01 13:20:00.223519,53313,stage,3.0
2022-05-01 13:05:00.223531,53310,precip,0
2022-05-01 13:05:00.223531,53310,stage,2.0
2022-05-01 13:05:00.223531,53313,precip,0.0
2022-05-01 13:05:00.223531,53313,stage,3.0
2022-05-01 12:50:00.223544,53310,precip,0
2022-05-01 12:50:00.223544,53310,stage,2.0
2022-05-01 12:50:00.223544,53313,precip,0.0
2022-05-01 12:50:00.223544,53313,stage,3.0
2022-05-01 12:35:00.223557,53310,precip,0
2022-05-01 12:35:00.223557,53310,stage,2.0
2022-05-01 12:35:00.223557,53313,precip,0.0
2022-05-01 12:35:00.223557,53313,stage,3.0
2022-05-01 12:20:00.223570,53310,precip,0
2022-05-01 12:20:00.223570,53310,stage,2.0
2022-05-01 12:20:00.223570,53313,precip,0.0
2022-05-01 12:20:00.223570,53313,stage,3.0
2022-05-01 12:05:00.223582,53310,precip,0
2022-05-01 12:05:00.223582,53310,stage,2.0
2022-05-01 12:05:00.223582,53313,precip,0.0
2022-05-01 12:05:00.223582,53313,stage,3.0
2022-05-01 11:50:00.223594,53310,precip,0
2022-05-01 11:50:00.223594,53310,stage,2.0
2022-05-01 11:50:00.223594,53313,precip,0.0
2022-05-01 11:50:00.223594,53313,stage,3.0
2022-05-01 11:35:00.223606,53310,precip,0
2022-05-01 11:35:00.223606,53310,stage,2.0
2022-05-01 11:35:00.223606,53313,precip,0.0
2022-05-01 11:35:00.223606,53313,stage,3.0
2022-05-01 11:20:00.223618,53310,precip,0
2022-05-01 11:20:00.223618,53310,stage,2.0
2022-05-01 11:20:00.223618,53313,precip,0.0
2022-05-01 11:20:00.223618,53313,stage,3.0
2022-05-01 11:05:00.223631,53310,precip,0
2022-05-01 11:05:00.223631,53310,stage,2.0
2022-05-01 11:05:00.223631,53313,precip,0.0
2022-05-01 11:05:00.223631,53313,stage,3.0
2022-05-01 10:50:00.223643,53310,precip,0
2022-05-01 10:50:00.223643,53310,stage,2.0
2022-05-01 10:50:00.223643,53313,precip,0.0
2022-05-01 10:50:00.223643,53313,stage,3.0
2022-05-01 10:35:00.223655,53310,precip,0
2022-05-01 10:35:00.223655,53310,stage,2.0
2022-05-01 10:35:00.223655,53313,precip,0.0
2022-05-01 10:35:00.223655,53313,stage,3.0
2022-05-01 10:20:00.223667,53310,precip,0
2022-05-01 10:20:00.223667,53310,stage,2.0
2022-05-01 10:20:00.223667,53313,precip,0.0
2022-05-01 10:20:00.223667,53313,stage,3.0
2022-05-01 10:05:00.223679,53310,precip,0
2022-05-01 10:05:00.223679,53310,stage,2.0
2022-05-01 10:05:00.223679,53313,precip,0.0
2022-05-01 10:05:00.223679,53313,stage,3.0
2022-05-01 09:50:00.223692,53310,precip,0
2022-05-01 09:50:00.223692,53310,stage,2.0
2022-05-01 09:50:00.223692,53313,precip,0.0
2022-05-01 09:50:00.223692,53313,stage,3.0
2022-05-01 09:35:00.223705,53310,precip,0
2022-05-01 09:35:00.223705,53310,stage,2.0
2022-05-01 09:35:00.223705,53313,precip,0.0
2022-05-01 09:35:00.223705,53313,stage,3.0
2022-05-01 09:20:00.223717,53310,precip,0
2022-05-01 09:20:00.223717,53310,stage,2.0
2022-05-01 09:20:00.223717,53313,precip,0.0
2022-05-01 09:20:00.223717,53313,stage,3.0
2022-05-01 09:05:00.223729,53310,precip,0
2022-05-01 09:05:00.223729,53310,stage,2.0
2022-05-01 09:05:00.223729,53313,precip,0.0
2022-05-01 09:05:00.223729,53313,stage,3.0
2022-05-01 08:50:00.223762,53310,precip,0
2022-05-01 08:50:00.223762,53310,stage,2.0
2022-05-01 08:50:00.223762,53313,precip,0.0
2022-05-01 08:50:00.223762,53313,stage,3.0
2022-05-01 08:35:00.223776,53310,precip,0
2022-05-01 08:35:00.223776,53310,stage,2.0
2022-05-01 08:35:00.223776,53313,precip,0.0
2022-05-01 08:35:00.223776,53313,stage,3.0
2022-05-01 08:20:00.223789,53310,precip,0
2022-05-01 08:20:00.223789,53310,stage,2.0
2022-05-01 08:20:00.223789,53313,precip,0.0
2022-05-01 08:20:00.223789,53313,stage,3.0
2022-05-01 08:05:00.223801,53310,precip,0
2022-05-01 08:05:00.223801,53310,stage,2.0
2022-05-01 08:05:00.223801,53313,precip,0.0
2022-05-01 08:05:00.223801,53313,stage,3.0
2022-05-01 07:50:00.223813,53310,precip,0
2022-05-01 07:50:00.223813,53310,stage,2.0
2022-05-01 07:50:00.223813,53313,precip,0.0
2022-05-01 07:50:00.223813,53313,stage,3.0
2022-05-01 07:35:00.223825,53310,precip,0
2022-05-01 07:35:00.223825,53310,stage,2.0
2022-05-01 07:35:00.223825,53313,precip,0.0
2022-05-01 07:35:00.223825,53313,stage,3.0
2022-05-01 07:20:00.223838,53310,precip,0
2022-05-01 07:20:00.223838,53310,stage,2.0
2022-05-01 07:20:00.223838,53313,precip,0.0
2022-05-01 07:20:00.223838,53313,stage,3.0
2022-05-01 07:05:00.223850,53310,precip,0
2022-05-01 07:05:00.223850,53310,stage,2.0
2022-05-01 07:05:00.223850,53313,precip,0.0
2022-05-01 07:05:00.223850,53313,stage,3.0
2022-05-01 06:50:00.223862,53310,precip,0
2022-05-01 06:50:00.223862,53310,stage,2.0
2022-05-01 06:50:00.223862,53313,precip,0.0
2022-05-01 06:50:00.223862,53313,stage,3.0
2022-05-01 06:35:00.223875,53310,precip,0
2022-05-01 06:35:00.223875,53310,stage,2.0
2022-05-01 06:35:00.223875,53313,precip,0.0
2022-05-01 06:35:00.223875,53313,stage,3.0
2022-05-01 06:20:00.223887,53310,precip,0
2022-05-01 06:20:00.223887,53310,stage,2.0
2022-05-01 06:20:00.223887,53313,precip,0.0
2022-05-01 06:20:00.223887,53313,stage,3.0
2022-05-01 06:05:00.223899,53310,precip,0
2022-05-01 06:05:00.223899,53310,stage,2.0
2022-05-01 06:05:00.223899,53313,precip,0.0
2022-05-01 06:05:00.223899,53313,stage,3.0
2022-05-01 05:50:00.223911,53310,precip,0
2022-05-01 05:50:00.223911,53310,stage,2.0
2022-05-01 05:50:00.223911,53313,precip,0.0
2022-05-01 05:50:00.223911,53313,stage,3.0
2022-05-01 05:35:00.223923,53310,precip,0
2022-05-01 05:35:00.223923,53310,stage,2.0
2022-05-01 05:35:00.223923,53313,precip,0.0
2022-05-01 05:35:00.223923,53313,stage,3.0
2022-05-01 05:20:00.223936,53310,precip,0
2022-05-01 05:20:00.223936,53310,stage,2.0
2022-05-01 05:20:00.223936,53313,precip,0.0
2022-05-01 05:20:00.223936,53313,stage,3.0
2022-05-01 05:05:00.223948,53310,precip,0
2022-05-01 05:05:00.223948,53310,stage,2.0
2022-05-01 05:05:00.223948,53313,precip,0.0
2022-05-01 05:05:00.223948,53313,stage,3.0
2022-05-01 04:50:00.223960,53310,precip,0
2022-05-01 04:50:00.223960,53310,stage,2.0
2022-05-01 04:50:00.223960,53313,precip,0.0
2022-05-01 04:50:00.223960,53313,stage,3.0
2022-05-01 04:35:00.223972,53310,precip,0
2022-05-01 04:35:00.223972,53310,stage,2.0
2022-05-01 04:35:00.223972,53313,precip,0.0
2022-05-01 04:35:00.223972,53313,stage,3.0
2022-05-01 04:20:00.223985,53310,precip,0
2022-05-01 04:20:00.223985,53310,stage,2.0
2022-05-01 04:20:00.223985,53313,precip,0.0
2022-05-01 04:20:00.223985,53313,stage,3.0
2022-05-01 04:05:00.223997,53310,precip,0
2022-05-01 04:05:00.223997,53310,stage,2.0
2022-05-01 04:05:00.223997,53313,precip,0.0
2022-05-01 04:05:00.223997,53313,stage,3.0
2022-05-01 03:50:00.224010,53310,precip,0
2022-05-01 03:50:00.224010,53310,stage,2.0
2022-05-01 03:50:00.224010,53313,precip,0.0
2022-05-01 03:50:00.224010,53313,stage,3.0
2022-05-01 03:35:00.224022,53310,precip,0
2022-05-01 03:35:00.224022,53310,stage,2.0
2022-05-01 03:35:00.224022,53313,precip,0.0
2022-05-01 03:35:00.224022,53313,stage,3.0
2022-05-01 03:20:00.224034,53310,precip,0
2022-05-01 03:20:00.224034,53310,stage,2.0
2022-05-01 03:20:00.224034,53313,precip,0.0
2022-05-01 03:20:00.224034,53313,stage,3.0
2022-05-01 03:05:00.224047,53310,precip,0
2022-05-01 03:05:00.224047,53310,stage,2.0
2022-05-01 03:05:00.224047,53313,precip,0.0
2022-05-01 03:05:00.224047,53313,stage,3.0
2022-05-01 02:50:00.224060,53310,precip,0
2022-05-01 02:50:00.224060,53310,stage,2.0
2022-05-01 02:50:00.224060,53313,precip,0.0
2022-05-01 02:50:00.224060,53313,stage,3.0
2022-05-01 02:35:00.224072,53310,precip,0
2022-05-01 02:35:00.224072,53310,stage,2.0
2022-05-01 02:35:00.224072,53313,precip,0.0
2022-05-01 02:35:00.224072,53313,stage,3.0
2022-05-01 02:20:00.224084,53310,precip,0
2022-05-01 02:20:00.224084,53310,stage,2.0
2022-05-01 02:20:00.224084,53313,precip,0.0
2022-05-01 02:20:00.224084,53313,stage,3.0
2022-05-01 02:05:00.224097,53310,precip,0
2022-05-01 02:05:00.224097,53310,stage,2.0
2022-05-01 02:05:00.224097,53313,precip,0.0
2022-05-01 02:05:00.224097,53313,stage,3.0
2022-05-01 01:50:00.224110,53310,precip,0
2022-05-01 01:50:00.224110,53310,stage,2.0
2022-05-01 01:50:00.224110,53313,precip,0.0
2022-05-01 01:50:00.224110,53313,stage,3.0
2022-05-01 01:35:00.224122,53310,precip,0
2022-05-01 01:35:00.224122,53310,stage,2.0
2022-05-01 01:35:00.224122,53313,precip,0.0
2022-05-01 01:35:00.224122,53313,stage,3.0
2022-05-01 01:20:00.224145,53310,precip,0
2022-05-01 01:20:00.224145,53310,stage,2.0
2022-05-01 01:20:00.224145,53313,precip,0.0
2022-05-01 01:20:00.224145,53313,stage,3.0
2022-05-01 01:05:00.224157,53310,precip,0
2022-05-01 01:05:00.224157,53310,stage,2.0
2022-05-01 01:05:00.224157,53313,precip,0.0
2022-05-01 01:05:00.224157,53313,stage,3.0
2022-05-01 00:50:00.224171,53310,precip,0
2022-05-01 00:50:00.224171,53310,stage,2.0
2022-05-01 00:50:00.224171,53313,precip,0.0
2022-05-01 00:50:00.224171,53313,stage,3.0
2022-05-01 00:35:00.224184,53310,precip,0
2022-05-01 00:35:00.224184,53310,stage,2.0
2022-05-01 00:35:00.224184,53313,precip,0.0
2022-05-01 00:35:00.224184,53313,stage,3.0
2022-05-01 00:20:00.224206,53310,precip,0
2022-05-01 00:20:00.224206,53310,stage,2.0
2022-05-01 00:20:00.224206,53313,precip,0.0
2022-05-01 00:20:00.224206,53313,stage,3.0
2022-05-01 00:05:00.224218,53310,precip,0
2022-05-01 00:05:00.224218,53310,stage,2.0
2022-05-01 00:05:00.224218,53313,precip,0.0
2022-05-01 00:05:00.224218,53313,stage,3.0
2022-04-30 23:50:00.224231,53310,precip,0
2022-04-30 23:50:00.224231,53310,stage,2.0
2022-04-30 23:50:00.224231,53313,precip,0.0
2022-04-30 23:50:00.224231,53313,stage,3.0
2022-04-30 23:35:00.224243,53310,precip,0
2022-04-30 23:35:00.224243,53310,stage,2.0
2022-04-30 23:35:00.224243,53313,precip,0.0
2022-04-30 23:35:00.224243,53313,stage,3.0
2022-04-30 23:20:00.224255,53310,precip,0
2022-04-30 23:20:00.224255,53310,stage,2.0
2022-04-30 23:20:00.224255,53313,precip,0.0
2022-04-30 23:20:00.224255,53313,stage,3.0
2022-04-30 23:05:00.224268,53310,precip,0
2022-04-30 23:05:00.224268,53310,stage,2.0
2022-04-30 23:05:00.224268,53313,precip,0.0
2022-04-30 23:05:00.224268,53313,stage,3.0
2022-04-30 22:50:00.224280,53310,precip,0
2022-04-30 22:50:00.224280,53310,stage,2.0
2022-04-30 22:50:00.224280,53313,precip,0.0
2022-04-30 22:50:00.224280,53313,stage,3.0
2022-04-30 22:35:00.224292,53310,precip,0
2022-04-30 22:35:00.224292,53310,stage,2.0
2022-04-30 22:35:00.224292,53313,precip,0.0
2022-04-30 22:35:00.224292,53313,stage,3.0
2022-04-30 22:20:00.224304,53310,precip,0
2022-04-30 22:20:00.224304,53310,stage,2.0
2022-04-30 22:20:00.224304,53313,precip,0.0
2022-04-30 22:20:00.224304,53313,stage,3.0
2022-04-30 22:05:00.224317,53310,precip,0
2022-04-30 22:05:00.224317,53310,stage,2.0
2022-04-30 22:05:00.224317,53313,precip,0.0
2022-04-30 22:05:00.224317,53313,stage,3.0
2022-04-30 21:50:00.224329,53310,precip,0
2022-04-30 21:50:00.224329,53310,stage,2.0
2022-04-30 21:50:00.224329,53313,precip,0.0
2022-04-30 21:50:00.224329,53313,stage,3.0
2022-04-30 21:35:00.224341,53310,precip,0
2022-04-30 21:35:00.224341,53310,stage,2.0
2022-04-30 21:35:00.224341,53313,precip,0.0
2022-04-30 21:35:00.224341,53313,stage,3.0
2022-04-30 21:20:00.224372,53310,precip,0
2022-04-30 21:20:00.224372,53310,stage,2.0
2022-04-30 21:20:00.224372,53313,precip,0.0
2022-04-30 21:20:00.224372,53313,stage,3.0
2022-04-30 21:05:00.224388,53310,precip,0
2022-04-30 21:05:00.224388,53310,stage,2.0
2022-04-30 21:05:00.224388,53313,precip,0.0
2022-04-30 21:05:00.224388,53313,stage,3.0
2022-04-30 20:50:00.224400,53310,precip,0
2022-04-30 20:50:00.224400,53310,stage,2.0
2022-04-30 20:50:00.224400,53313,precip,0.0
2022-04-30 20:50:00.224400,53313,stage,3.0
2022-04-30 20:35:00.224413,53310,precip,0
2022-04-30 20:35:00.224413,53310,stage,2.0
2022-04-30 20:35:00.224413,53313,precip,0.0
2022-04-30 20:35:00.224413,53313,stage,3.0
2022-04-30 20:20:00.224425,53310,precip,0
2022-04-30 20:20:00.224425,53310,stage,2.0
2022-04-30 20:20:00.224425,53313,precip,0.0
2022-04-30 20:20:00.224425,53313,stage,3.0
2022-04-30 20:05:00.224437,53310,precip,0
2022-04-30 20:05:00.224437,53310,stage,2.0
2022-04-30 20:05:00.224437,53313,precip,0.0
2022-04-30 20:05:00.224437,53313,stage,3.0
2022-04-30 19:50:00.224449,53310,precip,0
2022-04-30 19:50:00.224449,53310,stage,2.0
2022-04-30 19:50:00.224449,53313,precip,0.0
2022-04-30 19:50:00.224449,53313,stage,3.0
2022-04-30 19:35:00.224462,53310,precip,0.0
2022-04-30 19:35:00.224462,53310,stage,2.0
2022-04-30 19:35:00.224462,53313,precip,0.0
2022-04-30 19:35:00.224462,53313,stage,3.0
2022-04-30 19:20:00.224477,53310,precip,0.31
2022-04-30 19:20:00.224477,53310,stage,2.31
2022-04-30 19:20:00.224477,53313,precip,0.0
2022-04-30 19:20:00.224477,53313,stage,3.0
2022-04-30 19:05:00.224492,53310,precip,0.63
2022-04-30 19:05:00.224492,53310,stage,2.63
2022-04-30 19:05:00.224492,53313,precip,0.0
2022-04-30 19:05:00.224492,53313,stage,3.0
2022-04-30 18:50:00.224506,53310,precip,0.93
2022-04-30 18:50:00.224506,53310,stage,2.93
2022-04-30 18:50:00.224506,53313,precip,0.0
2022-04-30 18:50:00.224506,53313,stage,3.0
2022-04-30 18:35:00.224520,53310,precip,1.24
2022-04-30 18:35:00.224520,53310,stage,3.24
2022-04-30 18:35:00.224520,53313,precip,0.0
2022-04-30 18:35:00.224520,53313,stage,3.0
2022-04-30 18:20:00.224534,53310,precip,1.53
2022-04-30 18:20:00.224534,53310,stage,3.5300000000000002
2022-04-30 18:20:00.224534,53313,precip,0.0
2022-04-30 18:20:00.224534,53313,stage,3.0
2022-04-30 18:05:00.224549,53310,precip,1.82
2022-04-30 18:05:00.224549,53310,stage,3.8200000000000003
2022-04-30 18:05:00.224549,53313,precip,0.0
2022-04-30 18:05:00.224549,53313,stage,3.0
2022-04-30 17:50:00.224563,53310,precip,2.09
2022-04-30 17:50:00.224563,53310,stage,4.09
2022-04-30 17:50:00.224563,53313,precip,0.0
2022-04-30 17:50:00.224563,53313,stage,3.0
2022-04-30 17:35:00.224577,53310,precip,2.35
2022-04-30 17:35:00.224577,53310,stage,4.35
2022-04-30 17:35:00.224577,53313,precip,0.0
2022-04-30 17:35:00.224577,53313,stage,3.0
2022-04-30 17:20:00.224591,53310,precip,2.6
2022-04-30 17:20:00.224591,53310,stage,4.6
2022-04-30 17:20:00.224591,53313,precip,0.0
2022-04-30 17:20:00.224591,53313,stage,3.0
2022-04-30 17:05:00.224605,53310,precip,2.83
2022-04-30 17:05:00.224605,53310,stage,4.83
2022-04-30 17:05:00.224605,53313,precip,0.0
2022-04-30 17:05:00.224605,53313,stage,3.0
2022-04-30 16:50:00.224619,53310,precip,3.04
2022-04-30 16:50:00.224619,53310,stage,5.04
2022-04-30 16:50:00.224619,53313,precip,0.0
2022-04-30 16:50:00.224619,53313,stage,3.0
2022-04-30 16:35:00.224632,53310,precip,3.23
2022-04-30 16:35:00.224632,53310,stage,5.23
2022-04-30 16:35:00.224632,53313,precip,0.0
2022-04-30 16:35:00.224632,53313,stage,3.0
2022-04-30 16:20:00.224647,53310,precip,3.41
2022-04-30 16:20:00.224647,53310,stage,5.41
2022-04-30 16:20:00.224647,53313,precip,0.0
2022-04-30 16:20:00.224647,53313,stage,3.0
2022-04-30 16:05:00.224661,53310,precip,3.56
2022-04-30 16:05:00.224661,53310,stage,5.5600000000000005
2022-04-30 16:05:00.224661,53313,precip,0.0
2022-04-30 16:05:00.224661,53313,stage,3.0
2022-04-30 15:50:00.224675,53310,precip,3.69
2022-04-30 15:50:00.224675,53310,stage,5.6899999999999995
2022-04-30 15:50:00.224675,53313,precip,0.0
2022-04-30 15:50:00.224675,53313,stage,3.0
2022-04-30 15:35:00.224690,53310,precip,3.8
2022-04-30 15:35:00.224690,53310,stage,5.8
2022-04-30 15:35:00.224690,53313,precip,0.0
2022-04-30 15:35:00.224690,53313,stage,3.0
2022-04-30 15:20:00.224704,53310,precip,3.89
2022-04-30 15:20:00.224704,53310,stage,5.890000000000001
2022-04-30 15:20:00.224704,53313,precip,0.0
2022-04-30 15:20:00.224704,53313,stage,3.0
2022-04-30 15:05:00.224719,53310,precip,3.95
2022-04-30 15:05:00.224719,53310,stage,5.95
2022-04-30 15:05:00.224719,53313,precip,0.0
2022-04-30 15:05:00.224719,53313,stage,3.0
2022-04-30 14:50:00.224733,53310,precip,3.99
2022-04-30 14:50:00.224733,53310,stage,5.99
2022-04-30 14:50:00.224733,53313,precip,0.0
2022-04-30 14:50:00.224733,53313,stage,3.0
2022-04-30 14:35:00.224746,53310,precip,4.0
2022-04-30 14:35:00.224746,53310,stage,6.0
2022-04-30 14:35:00.224746,53313,precip,0.0
2022-04-30 14:35:00.224746,53313,stage,3.0
2022-04-30 14:20:00.224761,53310,precip,3.99
2022-04-30 14:20:00.224761,53310,stage,5.99
2022-04-30 14:20:00.224761,53313,precip,0.0
2022-04-30 14:20:00.224761,53313,stage,3.0
2022-04-30 14:05:00.224775,53310,precip,3.95
2022-04-30 14:05:00.224775,53310,stage,5.95
2022-04-30 14:05:00.224775,53313,precip,0.0
2022-04-30 14:05:00.224775,53313,stage,3.0
2022-04-30 13:50:00.224789,53310,precip,3.89
2022-04-30 13:50:00.224789,53310,stage,5.890000000000001
2022-04-30 13:50:00.224789,53313,precip,0.0
2022-04-30 13:50:00.224789,53313,stage,3.0
2022-04-30 13:35:00.224803,53310,precip,3.81
2022-04-30 13:35:00.224803,53310,stage,5.8100000000000005
2022-04-30 13:35:00.224803,53313,precip,0.0
2022-04-30 13:35:00.224803,53313,stage,3.0
2022-04-30 13:20:00.224818,53310,precip,3.7
2022-04-30 13:20:00.224818,53310,stage,5.7
2022-04-30 13:20:00.224818,53313,precip,0.0
2022-04-30 13:20:00.224818,53313,stage,3.0
2022-04-30 13:05:00.224832,53310,precip,3.57
2022-04-30 13:05:00.224832,53310,stage,5.57
2022-04-30 13:05:00.224832,53313,precip,0.0
2022-04-30 13:05:00.224832,53313,stage,3.0
2022-04-30 12:50:00.224846,53310,precip,3.41
2022-04-30 12:50:00.224846,53310,stage,5.41
2022-04-30 12:50:00.224846,53313,precip,0.0
2022-04-30 12:50:00.224846,53313,stage,3.0
2022-04-30 12:35:00.224860,53310,precip,3.24
2022-04-30 12:35:00.224860,53310,stage,5.24
2022-04-30 12:35:00.224860,53313,precip,0.0
2022-04-30 12:35:00.224860,53313,stage,3.0
2022-04-30 12:20:00.224874,53310,precip,3.04
2022-04-30 12:20:00.224874,53310,stage,5.04
2022-04-30 12:20:00.224874,53313,precip,0.0
2022-04-30 12:20:00.224874,53313,stage,3.0
2022-04-30 12:05:00.224888,53310,precip,2.83
2022-04-30 12:05:00.224888,53310,stage,4.83
2022-04-30 12:05:00.224888,53313,precip,0.0
2022-04-30 12:05:00.224888,53313,stage,3.0
2022-04-30 11:50:00.224901,53310,precip,2.6
2022-04-30 11:50:00.224901,53310,stage,4.6
2022-04-30 11:50:00.224901,53313,precip,0.0
2022-04-30 11:50:00.224901,53313,stage,3.0
2022-04-30 11:35:00.224915,53310,precip,2.36
2022-04-30 11:35:00.224915,53310,stage,4.359999999999999
2022-04-30 11:35:00.224915,53313,precip,0.0
2022-04-30 11:35:00.224915,53313,stage,3.0
2022-04-30 11:20:00.224930,53310,precip,2.09
2022-04-30 11:20:00.224930,53310,stage,4.09
2022-04-30 11:20:00.224930,53313,precip,0.0
2022-04-30 11:20:00.224930,53313,stage,3.0
2022-04-30 11:05:00.224944,53310,precip,1.82
2022-04-30 11:05:00.224944,53310,stage,3.8200000000000003
2022-04-30 11:05:00.224944,53313,precip,0.0
2022-04-30 11:05:00.224944,53313,stage,3.0
2022-04-30 10:50:00.224958,53310,precip,1.54
2022-04-30 10:50:00.224958,53310,stage,3.54
2022-04-30 10:50:00.224958,53313,precip,0.0
2022-04-30 10:50:00.224958,53313,stage,3.0
2022-04-30 10:35:00.224971,53310,precip,1.24
2022-04-30 10:35:00.224971,53310,stage,3.24
2022-04-30 10:35:00.224971,53313,precip,0.0
2022-04-30 10:35:00.224971,53313,stage,3.0
2022-04-30 10:20:00.224986,53310,precip,0.94
2022-04-30 10:20:00.224986,53310,stage,2.94
2022-04-30 10:20:00.224986,53313,precip,0.0
2022-04-30 10:20:00.224986,53313,stage,3.0
2022-04-30 10:05:00.225000,53310,precip,0.63
2022-04-30 10:05:00.225000,53310,stage,2.63
2022-04-30 10:05:00.225000,53313,precip,0.0
2022-04-30 10:05:00.225000,53313,stage,3.0
2022-04-30 09:50:00.225036,53310,precip,0.32
2022-04-30 09:50:00.225036,53310,stage,2.32
2022-04-30 09:50:00.225036,53313,precip,0.0
2022-04-30 09:50:00.225036,53313,stage,3.0
2022-04-30 09:35:00.225053,53310,precip,0
2022-04-30 09:35:00.225053,53310,stage,2.0
2022-04-30 09:35:00.225053,53313,precip,0.0
2022-04-30 09:35:00.225053,53313,stage,3.0
2022-04-30 09:20:00.225066,53310,precip,0
2022-04-30 09:20:00.225066,53310,stage,2.0
2022-04-30 09:20:00.225066,53313,precip,0.0
2022-04-30 09:20:00.225066,53313,stage,3.0
2022-04-30 09:05:00.225078,53310,precip,0
2022-04-30 09:05:00.225078,53310,stage,2.0
2022-04-30 09:05:00.225078,53313,precip,0.0
2022-04-30 09:05:00.225078,53313,stage,3.0
2022-04-30 08:50:00.225090,53310,precip,0
2022-04-30 08:50:00.225090,53310,stage,2.0
2022-04-30 08:50:00.225090,53313,precip,0.0
2022-04-30 08:50:00.225090,53313,stage,3.0
2022-04-30 08:35:00.225103,53310,precip,0
2022-04-30 08:35:00.225103,53310,stage,2.0
2022-04-30 08:35:00.225103,53313,precip,0.0
2022-04-30 08:35:00.225103,53313,stage,3.0
2022-04-30 08:20:00.225115,53310,precip,0
2022-04-30 08:20:00.225115,53310,stage,2.0
2022-04-30 08:20:00.225115,53313,precip,0.0
2022-04-30 08:20:00.225115,53313,stage,3.0
2022-04-30 08:05:00.225127,53310,precip,0
2022-04-30 08:05:00.225127,53310,stage,2.0
2022-04-30 08:05:00.225127,53313,precip,0.0
2022-04-30 08:05:00.225127,53313,stage,3.0
2022-04-30 07:50:00.225139,53310,precip,0
2022-04-30 07:50:00.225139,53310,stage,2.0
2022-04-30 07:50:00.225139,53313,precip,0.0
2022-04-30 07:50:00.225139,53313,stage,3.0
